ID,name,email,department_ID
7409284c-2b56-41b5-b436-85186e1a6bc3,John Doe,doe@gmail.com,76167572-6bb0-4c79-997a-8906b73b5351
7409285e-bac3-4825-b274-c82c911012cf,name-7409285,email-7409285,76167572-6bb0-4c79-997a-8906b73b5351
7409286d-b4ec-46b9-bd66-c94bc7ae6431,name-7409286,email-7409286,39541204-f722-44a7-a0ad-4a680bfd46ce
7409287e-8c0d-4d71-8233-e73727189c15,name-7409287,email-7409287,39541204-f722-44a7-a0ad-4a680bfd46ce
74092888-7f88-47c6-a09b-98cccc5c15a6,name-7409288,email-7409288,39541204-f722-44a7-a0ad-4a680bfd46ce
7409289e-39ff-4223-9d52-471250d0f9fa,name-7409289,email-7409289,3954121f-0b62-4914-940b-56ca6e3cc798
74092909-4cbd-4dac-85ed-b71ba39ded26,name-7409290,email-7409290,3954121f-0b62-4914-940b-56ca6e3cc798
74092915-2f90-4492-afde-a1f8b796a3f8,name-7409291,email-7409291,3954121f-0b62-4914-940b-56ca6e3cc798
74092922-4f90-46c1-84fd-71635d8c3b0d,name-7409292,email-7409292,3954122e-1895-4b9e-a8de-ebec965843e6
74092937-3e30-4ec9-a505-18e79d5fac3d,name-7409293,email-7409293,3954123c-e077-4055-b338-f09e7c701182
